Workbook

Sheet Items
A1: receipt_id | B1: line_no | C1: sku | D1: item | E1: amount_cad | F1: budget_category | G1: category_source | H1: product_url | I1: raw_line
A2: 20260202 | B2: 8 | C2: 1993108 | D2: PHILLY CHOC | E2: 13.49 | F2: Groceries | G2: verified_cache | H2: Costco Search | I2: 1993108 PHILLY CHOC 13.49 N
A3: 20260202 | B3: 9 | C3: 9187555 | D3: GROUND BEEF | E3: 32.99 | F3: Groceries | G3: exact | H3: Costco Search | I3: 9187555 GROUND BEEF 32.99 N
A4: 20260202 | B4: 10 | C4: 2007888 | D4: GROUND CKN | E4: 14.99 | F4: Groceries | G4: verified_cache | H4: Costco Search | I4: 2007888 GROUND CKN 14.99 N
A5: 20260202 | B5: 11 | C5: 2768077 | D5: CEDAR VALLEY | E5: 11.99 | F5: Groceries | G5: verified_cache | H5: Costco Search | I5: 2768077 CEDAR VALLEY 11.99 B
A6: 20260202 | B6: 12 | C6: 1912636 | D6: KINDER GHSSL | E6: 9.99 | F6: Groceries | G6: verified_cache | H6: Costco Search | I6: 1912636 KINDER GHSSL 9.99 N
A7: 20260202 | B7: 13 | C7: 1359722 | D7: KFI SAUCE | E7: 9.99 | F7: Groceries | G7: exact | H7: Costco Search | I7: 1359722 KFI SAUCE 9.99 N
A8: 20260202 | B8: 14 | C8: 1966646 | D8: CHEESE STICK | E8: 9.99 | F8: Groceries | G8: exact | H8: Costco Search | I8: 1966646 CHEESE STICK 9.99 N
A9: 20260202 | B9: 15 | C9: 1610330 | D9: BOURSIN | E9: 9.99 | F9: Groceries | G9: verified_cache | H9: Costco Search | I9: 1610330 BOURSIN 12.99 N | 2038620 TPD/1610330 3.00-
A10: 20260202 | B10: 17 | C10: 88356 | D10: SLICED MANGO | E10: 12.99 | F10: Groceries | G10: verified_cache | H10: Costco Search | I10: 88356 SLICED MANGO 12.99 N
A11: 20260202 | B11: 18 | C11: 647465 | D11: AVOCADOS | E11: 9.99 | F11: Groceries | G11: verified_cache | H11: Costco Search | I11: 647465 AVOCADOS 9.99 N
A12: 20260202 | B12: 19 | C12: 6262016 | D12: KS BATH TISSUE | E12: 23.99 | F12: Indoor Supplies | G12: override | H12: Costco Search | I12: 6262016 **KS BATH** 23.99 B
A13: 20260202 | B13: 20 | C13: 1998355 | D13: REMEDY | E13: 24.99 | F13: Medical Products | G13: verified_cache | H13: Costco Search | I13: 1998355 REMEDY 24.99 B
... A237: 20260412 | B237: 46 | C237: 1570675 | D237: SWEETKALEDUO | E237: 6.99 | F237: Groceries | G237: verified_cache | H237: Costco Search | I237: 1570675 SWEETKALEDUO 8.99 N | 2060570 TPD/1570675 2.00-

Sheet Receipts
A1: receipt_id | B1: subtotal_cad | C1: tax_cad | D1: total_cad | E1: parsed_item_count
A2: 20260202 | B2: 483.43 | C2: 19.47 | D2: 502.9 | E2: 36
A3: 20260208 | B3: 247.11 | C3: 6.7 | D3: 253.81 | E3: 16
A4: 20260215 | B4: 200.65 | C4: 4.44 | D4: 205.09 | E4: 20
A5: 20260222 | B5: 187.21 | C5: 3.84 | D5: 191.05 | E5: 14
A6: 20260225 | B6: 118.95 | C6: 8.88 | D6: 127.83 | E6: 5
A7: 20260301 | B7: 217.31 | C7: 0.77 | D7: 218.08 | E7: 14
A8: 20260308a | B8: 329.98 | C8: 0 | D8: 329.98 | E8: 2
A9: 20260308b | B9: 248.8 | C9: 12.29 | D9: 261.09 | E9: 15
A10: 20260308c | B10: 158.28 | C10: 13.84 | D10: 172.12 | E10: 9
A11: 20260315 | B11: 208.31 | C11: 3.12 | D11: 211.43 | E11: 14
A12: 20260320a | B12: 219.98 | C12: 0 | D12: 219.98 | E12: 2
A13: 20260320b | B13: 203.71 | C13: 15.75 | D13: 219.46 | E13: 11
... A18: 20260412 | B18: 494.75 | C18: 39.74 | D18: 534.49 | E18: 29

Sheet Receipt Category Totals
A1: receipt_id | B1: Groceries | C1: Medical Products | D1: Health & Fitness | E1: Clothing | F1: Indoor Supplies | G1: Outdoor Supplies | H1: Total
A2: 20260202 | B2: =SUMIFS(Items!$E:$E,Items!$A:$A,$A2,Items!$F:$F,B1) | C2: =SUMIFS(Items!$E:$E,Items!$A:$A,$A2,Items!$F:$F,C1) | D2: =SUMIFS(Items!$E:$E,Items!$A:$A,$A2,Items!$F:$F,D1) | E2: =SUMIFS(Items!$E:$E,Items!$A:$A,$A2,Items!$F:$F,E1) | F2: =SUMIFS(Items!$E:$E,Items!$A:$A,$A2,Items!$F:$F,F1) | G2: =SUMIFS(Items!$E:$E,Items!$A:$A,$A2,Items!$F:$F,G1) | H2: =SUM(B2:G2)
A3: 20260208 | B3: =SUMIFS(Items!$E:$E,Items!$A:$A,$A3,Items!$F:$F,B1) | C3: =SUMIFS(Items!$E:$E,Items!$A:$A,$A3,Items!$F:$F,C1) | D3: =SUMIFS(Items!$E:$E,Items!$A:$A,$A3,Items!$F:$F,D1) | E3: =SUMIFS(Items!$E:$E,Items!$A:$A,$A3,Items!$F:$F,E1) | F3: =SUMIFS(Items!$E:$E,Items!$A:$A,$A3,Items!$F:$F,F1) | G3: =SUMIFS(Items!$E:$E,Items!$A:$A,$A3,Items!$F:$F,G1) | H3: =SUM(B3:G3)
A4: 20260215 | B4: =SUMIFS(Items!$E:$E,Items!$A:$A,$A4,Items!$F:$F,B1) | C4: =SUMIFS(Items!$E:$E,Items!$A:$A,$A4,Items!$F:$F,C1) | D4: =SUMIFS(Items!$E:$E,Items!$A:$A,$A4,Items!$F:$F,D1) | E4: =SUMIFS(Items!$E:$E,Items!$A:$A,$A4,Items!$F:$F,E1) | F4: =SUMIFS(Items!$E:$E,Items!$A:$A,$A4,Items!$F:$F,F1) | G4: =SUMIFS(Items!$E:$E,Items!$A:$A,$A4,Items!$F:$F,G1) | H4: =SUM(B4:G4)
A5: 20260222 | B5: =SUMIFS(Items!$E:$E,Items!$A:$A,$A5,Items!$F:$F,B1) | C5: =SUMIFS(Items!$E:$E,Items!$A:$A,$A5,Items!$F:$F,C1) | D5: =SUMIFS(Items!$E:$E,Items!$A:$A,$A5,Items!$F:$F,D1) | E5: =SUMIFS(Items!$E:$E,Items!$A:$A,$A5,Items!$F:$F,E1) | F5: =SUMIFS(Items!$E:$E,Items!$A:$A,$A5,Items!$F:$F,F1) | G5: =SUMIFS(Items!$E:$E,Items!$A:$A,$A5,Items!$F:$F,G1) | H5: =SUM(B5:G5)
A6: 20260225 | B6: =SUMIFS(Items!$E:$E,Items!$A:$A,$A6,Items!$F:$F,B1) | C6: =SUMIFS(Items!$E:$E,Items!$A:$A,$A6,Items!$F:$F,C1) | D6: =SUMIFS(Items!$E:$E,Items!$A:$A,$A6,Items!$F:$F,D1) | E6: =SUMIFS(Items!$E:$E,Items!$A:$A,$A6,Items!$F:$F,E1) | F6: =SUMIFS(Items!$E:$E,Items!$A:$A,$A6,Items!$F:$F,F1) | G6: =SUMIFS(Items!$E:$E,Items!$A:$A,$A6,Items!$F:$F,G1) | H6: =SUM(B6:G6)
A7: 20260301 | B7: =SUMIFS(Items!$E:$E,Items!$A:$A,$A7,Items!$F:$F,B1) | C7: =SUMIFS(Items!$E:$E,Items!$A:$A,$A7,Items!$F:$F,C1) | D7: =SUMIFS(Items!$E:$E,Items!$A:$A,$A7,Items!$F:$F,D1) | E7: =SUMIFS(Items!$E:$E,Items!$A:$A,$A7,Items!$F:$F,E1) | F7: =SUMIFS(Items!$E:$E,Items!$A:$A,$A7,Items!$F:$F,F1) | G7: =SUMIFS(Items!$E:$E,Items!$A:$A,$A7,Items!$F:$F,G1) | H7: =SUM(B7:G7)
A8: 20260308a | B8: =SUMIFS(Items!$E:$E,Items!$A:$A,$A8,Items!$F:$F,B1) | C8: =SUMIFS(Items!$E:$E,Items!$A:$A,$A8,Items!$F:$F,C1) | D8: =SUMIFS(Items!$E:$E,Items!$A:$A,$A8,Items!$F:$F,D1) | E8: =SUMIFS(Items!$E:$E,Items!$A:$A,$A8,Items!$F:$F,E1) | F8: =SUMIFS(Items!$E:$E,Items!$A:$A,$A8,Items!$F:$F,F1) | G8: =SUMIFS(Items!$E:$E,Items!$A:$A,$A8,Items!$F:$F,G1) | H8: =SUM(B8:G8)
A9: 20260308b | B9: =SUMIFS(Items!$E:$E,Items!$A:$A,$A9,Items!$F:$F,B1) | C9: =SUMIFS(Items!$E:$E,Items!$A:$A,$A9,Items!$F:$F,C1) | D9: =SUMIFS(Items!$E:$E,Items!$A:$A,$A9,Items!$F:$F,D1) | E9: =SUMIFS(Items!$E:$E,Items!$A:$A,$A9,Items!$F:$F,E1) | F9: =SUMIFS(Items!$E:$E,Items!$A:$A,$A9,Items!$F:$F,F1) | G9: =SUMIFS(Items!$E:$E,Items!$A:$A,$A9,Items!$F:$F,G1) | H9: =SUM(B9:G9)
A10: 20260308c | B10: =SUMIFS(Items!$E:$E,Items!$A:$A,$A10,Items!$F:$F,B1) | C10: =SUMIFS(Items!$E:$E,Items!$A:$A,$A10,Items!$F:$F,C1) | D10: =SUMIFS(Items!$E:$E,Items!$A:$A,$A10,Items!$F:$F,D1) | E10: =SUMIFS(Items!$E:$E,Items!$A:$A,$A10,Items!$F:$F,E1) | F10: =SUMIFS(Items!$E:$E,Items!$A:$A,$A10,Items!$F:$F,F1) | G10: =SUMIFS(Items!$E:$E,Items!$A:$A,$A10,Items!$F:$F,G1) | H10: =SUM(B10:G10)
A11: 20260315 | B11: =SUMIFS(Items!$E:$E,Items!$A:$A,$A11,Items!$F:$F,B1) | C11: =SUMIFS(Items!$E:$E,Items!$A:$A,$A11,Items!$F:$F,C1) | D11: =SUMIFS(Items!$E:$E,Items!$A:$A,$A11,Items!$F:$F,D1) | E11: =SUMIFS(Items!$E:$E,Items!$A:$A,$A11,Items!$F:$F,E1) | F11: =SUMIFS(Items!$E:$E,Items!$A:$A,$A11,Items!$F:$F,F1) | G11: =SUMIFS(Items!$E:$E,Items!$A:$A,$A11,Items!$F:$F,G1) | H11: =SUM(B11:G11)
A12: 20260320a | B12: =SUMIFS(Items!$E:$E,Items!$A:$A,$A12,Items!$F:$F,B1) | C12: =SUMIFS(Items!$E:$E,Items!$A:$A,$A12,Items!$F:$F,C1) | D12: =SUMIFS(Items!$E:$E,Items!$A:$A,$A12,Items!$F:$F,D1) | E12: =SUMIFS(Items!$E:$E,Items!$A:$A,$A12,Items!$F:$F,E1) | F12: =SUMIFS(Items!$E:$E,Items!$A:$A,$A12,Items!$F:$F,F1) | G12: =SUMIFS(Items!$E:$E,Items!$A:$A,$A12,Items!$F:$F,G1) | H12: =SUM(B12:G12)
A13: 20260320b | B13: =SUMIFS(Items!$E:$E,Items!$A:$A,$A13,Items!$F:$F,B1) | C13: =SUMIFS(Items!$E:$E,Items!$A:$A,$A13,Items!$F:$F,C1) | D13: =SUMIFS(Items!$E:$E,Items!$A:$A,$A13,Items!$F:$F,D1) | E13: =SUMIFS(Items!$E:$E,Items!$A:$A,$A13,Items!$F:$F,E1) | F13: =SUMIFS(Items!$E:$E,Items!$A:$A,$A13,Items!$F:$F,F1) | G13: =SUMIFS(Items!$E:$E,Items!$A:$A,$A13,Items!$F:$F,G1) | H13: =SUM(B13:G13)
A14: 20260322 | B14: =SUMIFS(Items!$E:$E,Items!$A:$A,$A14,Items!$F:$F,B1) | C14: =SUMIFS(Items!$E:$E,Items!$A:$A,$A14,Items!$F:$F,C1) | D14: =SUMIFS(Items!$E:$E,Items!$A:$A,$A14,Items!$F:$F,D1) | E14: =SUMIFS(Items!$E:$E,Items!$A:$A,$A14,Items!$F:$F,E1) | F14: =SUMIFS(Items!$E:$E,Items!$A:$A,$A14,Items!$F:$F,F1) | G14: =SUMIFS(Items!$E:$E,Items!$A:$A,$A14,Items!$F:$F,G1) | H14: =SUM(B14:G14)
A15: 20260329 | B15: =SUMIFS(Items!$E:$E,Items!$A:$A,$A15,Items!$F:$F,B1) | C15: =SUMIFS(Items!$E:$E,Items!$A:$A,$A15,Items!$F:$F,C1) | D15: =SUMIFS(Items!$E:$E,Items!$A:$A,$A15,Items!$F:$F,D1) | E15: =SUMIFS(Items!$E:$E,Items!$A:$A,$A15,Items!$F:$F,E1) | F15: =SUMIFS(Items!$E:$E,Items!$A:$A,$A15,Items!$F:$F,F1) | G15: =SUMIFS(Items!$E:$E,Items!$A:$A,$A15,Items!$F:$F,G1) | H15: =SUM(B15:G15)
A16: 20260401 | B16: =SUMIFS(Items!$E:$E,Items!$A:$A,$A16,Items!$F:$F,B1) | C16: =SUMIFS(Items!$E:$E,Items!$A:$A,$A16,Items!$F:$F,C1) | D16: =SUMIFS(Items!$E:$E,Items!$A:$A,$A16,Items!$F:$F,D1) | E16: =SUMIFS(Items!$E:$E,Items!$A:$A,$A16,Items!$F:$F,E1) | F16: =SUMIFS(Items!$E:$E,Items!$A:$A,$A16,Items!$F:$F,F1) | G16: =SUMIFS(Items!$E:$E,Items!$A:$A,$A16,Items!$F:$F,G1) | H16: =SUM(B16:G16)
A17: 20260404 | B17: =SUMIFS(Items!$E:$E,Items!$A:$A,$A17,Items!$F:$F,B1) | C17: =SUMIFS(Items!$E:$E,Items!$A:$A,$A17,Items!$F:$F,C1) | D17: =SUMIFS(Items!$E:$E,Items!$A:$A,$A17,Items!$F:$F,D1) | E17: =SUMIFS(Items!$E:$E,Items!$A:$A,$A17,Items!$F:$F,E1) | F17: =SUMIFS(Items!$E:$E,Items!$A:$A,$A17,Items!$F:$F,F1) | G17: =SUMIFS(Items!$E:$E,Items!$A:$A,$A17,Items!$F:$F,G1) | H17: =SUM(B17:G17)
A18: 20260412 | B18: =SUMIFS(Items!$E:$E,Items!$A:$A,$A18,Items!$F:$F,B1) | C18: =SUMIFS(Items!$E:$E,Items!$A:$A,$A18,Items!$F:$F,C1) | D18: =SUMIFS(Items!$E:$E,Items!$A:$A,$A18,Items!$F:$F,D1) | E18: =SUMIFS(Items!$E:$E,Items!$A:$A,$A18,Items!$F:$F,E1) | F18: =SUMIFS(Items!$E:$E,Items!$A:$A,$A18,Items!$F:$F,F1) | G18: =SUMIFS(Items!$E:$E,Items!$A:$A,$A18,Items!$F:$F,G1) | H18: =SUM(B18:G18)

Sheet Notes
A1: note
A2: Product links use Costco Canada same-day search URLs. They are search links, not guaranteed exact product pages.
A3: Category assignment uses SKU override, then embedded verified overrides, then exact keyword match, then fuzzy keyword match, and AI fallback when OPENAI_API_KEY is set (disable with ENABLE_AI_CATEGORY_FALLBACK=0).
A4: Items.category_source shows which method assigned each category: override, verified_cache, exact, fuzzy, ai_cache, ai, or default.
A5: AI suggestions cache file: ai_category_cache.json. It stores non-verified AI classifications for review before promoting to VERIFIED_CATEGORY_OVERRIDES.
A6: AI Status: enabled=True, disabled_runtime=False, max_calls_per_run=2000, calls=0, batch_items=0, verified_hits=115, ai_cache_hits=0, skipped_call_budget=0, success=0, api_errors=0, no_result=0, call_seconds_total=0.00, call_seconds_avg=0.00, call_seconds_max=0.00.
A7: AI Latency Detail: batch_size=8, call_items_max=0, slow_calls(>=8.0s)=0, calls<=2s=0, calls2-5s=0, calls5-8s=0, calls>8s=0, batch_histogram=none.
A8: Timing: total=1.02s, extract_zip=0.01s, pdf_read=1.00s, parse_classify=0.01s.
